handle,mtkid,listed_status,real_status,follower_range,actual_followers,isReal,tweet_count
kaplan175,A3L0DCUXI7X3A9,Public,Public,0|100,1,TRUE,2
EvilRussianBot,A3I40B0FATY8VH,Public,Public,0|100,37,TRUE,1867
CtheFrood,A2MCRVU8I9VNHG,Public,Public,0|100,8,TRUE,128
thom1nDun,A1PJUYJ7W2LKKQ,Public,Public,0|100,89,TRUE,1872
bigearnhardtfan,A1KZ21TSAYUHO4,Public,Public,0|100,19,TRUE,237
Jebwhitley,A2UO3QJZNC2VOE,Public,Public,0|100,43,TRUE,5802
cocainequiches,A1B2V27QSGPT6W,Public,Public,400|500,473,TRUE,24105
enden_zwei,A22KRF782ELLB0,Public,Public,0|100,3,TRUE,7
jeremyburch,A19ZWBQT8A3LIR,Public,Public,0|100,49,TRUE,44
fufufu101010,A2USG66RL7MM4E,Private,Public,0|100,0,TRUE,15
dcraftycottage,AASQHRMEAPCHZ,Public,Public,0|100,8,TRUE,139
aharbican,A1879O6JNJ6ZIY,Public,Public,0|100,1,TRUE,13
jondonson,A34TVS5NMPO3O2,Public,Public,100|200,11,TRUE,137
LVNGD,A2FARB7LA24AU8,Public,Public,800|900,924,TRUE,5712
chasingpeacocks,A5P78B8P70TOJ,Public,Public,500|600,583,TRUE,718
adirondack93,A3L2VS3998R77L,Public,Public,200|300,281,TRUE,3602
g90opklnm,A37W0GRXSM04LX,Public,Public,1000|999999,3750,TRUE,10208
Rubbed6,AT60ESWGVSAG9,Public,Public,100|200,101,TRUE,3712
hannahnorem,A1MIBEGF81ZLUS,Public,Public,400|500,454,TRUE,6276
POPFLYBALL,A2RCYLKY072XXO,Public,Public,0|100,35,TRUE,400
cheapchris,A3UE7W812DYAK0,Public,Public,400|500,406,TRUE,7995
90snerds,A1P8K83P1987GB,Public,Public,200|300,204,TRUE,755
HinckleyAshley,A2WZGCFPJ8EEQW,Public,Public,0|100,4,TRUE,505
AaronAjlen,A2AI4HOWRCG7KZ,Public,Public,0|100,87,TRUE,5401
MelRootsNWrites,A1EOPEG6RHXO1V,Public,Public,600|700,611,TRUE,3558
Covfefe3623,A1BAEFJ2OG7NJ0,Public,Public,1000|999999,3706,TRUE,1189
wenco44,A2S6QOCFC3EAYH,Public,Public,0|100,14,TRUE,329
rgrasmus,A37LQHDHZLKVCH,Public,Public,0|100,105,TRUE,1198
hecknawman,A26N7JWACRX7BW,Public,Public,100|200,180,TRUE,9298
LinnyEmG,A15K0L6NGQXOM0,Public,Public,600|700,648,TRUE,2259
funinmyhair,A3A07QA5U733HQ,Public,Public,100|200,139,TRUE,4435
princess_sssxox,A3L4JI1S352HB8,Public,Public,0|100,90,TRUE,356
HollieAnnH,A2I8YALVTOJN49,Public,Public,0|100,61,TRUE,486
thewritelist ,AJJN3YJZ4H61K,Public,Public,1000|999999,3294,TRUE,37
xtinethewriter,A375OH1S7FO7L8,Public,Public,1000|999999,1210,TRUE,1623
coreyspring,A7P3R1AIA4TVV,Public,Public,200|300,295,TRUE,28913
DrRandomacts,A1PUHCEBSOWETV,Public,Public,0|100,6,TRUE,169
WhoDatJulieC,A1POAW2RQBTBXB,Public,Public,0|100,14,TRUE,7
SanaBear69,A2TUAO3C3IZ1NE,Public,Public,0|100,2,TRUE,31
MeemoMary,A3HTLXAPOBCVVO,Public,Public,600|700,620,TRUE,10154
lzluvs2run,A377LTGWJKY2IW,Public,Public,0|100,55,TRUE,646
AlvisBooks,A2QKNW8U6MP1YH,Public,Public,0|100,4,TRUE,368
imkarmenclair,A3UMJK169791WJ,Public,Public,1000|999999,1452,TRUE,321
alyciacz,A1XIJE772WYRNJ,Public,Public,1000|999999,3037,TRUE,29976
glamkiller599,A2T1LNI80EPOQR,Public,Public,0|100,21,TRUE,858
jbockenek,A12NO2MNOIREXA,Public,Public,0|100,40,TRUE,449
twistedwriter,A1G5NDG1VWVMJS,Public,Public,1000|999999,1450,TRUE,2366
pc_tech_ohio,A2YCMT5BPA0AG9,Public,Public,0|100,2,TRUE,9
danmaruschak,A2YE2I9DYV9OKW,Public,Public,0|100,97,TRUE,853
craigtuttle3,A1JH50STB9BOB6,Public,Public,1000|999999,1302,TRUE,16758
acortez81,A2NBBQ3DKW5MV3,Public,Public,0|100,7,TRUE,253
antoni678,A3R98EUOF1B2M1,Public,Public,0|100,21,TRUE,199
fizzle406,A3J6V7EWSZK5TJ,Public,Public,0|100,39,TRUE,4100
Shannonedrie,A3PL4IJFVVRCPD,Public,Public,100|200,217,TRUE,4573
ElizabethEiler,A2GTYOM6QUGKOO,Public,Public,1000|999999,12533,TRUE,47312
samsammy817,A3MIF7YOVHUQIC,Public,Public,0|100,0,TRUE,1
ewmngolf,A1NXDNRUNL87XN,Public,Public,0|100,51,TRUE,767
C_James530,A2OX7JLY6741WG,Public,Public,200|300,232,TRUE,1459
Portiadominique,AH31QLJ57XC8W,Public,Public,300|400,422,TRUE,22282
xxadrianaaxx,A1QYTV4R5UWV4G,Public,Public,300|400,390,TRUE,21610
mooshie123,A49A0FF6ZXYDU,Private,Public,0|100,6,TRUE,9
rantan,AXTVX0Y7CYNQ3,Public,Public,100|200,165,TRUE,5030
shellylanette,AYNUK54JG6E2H,Public,Public,0|100,5,TRUE,10
860CAMP_RD,A1QEQOI98976S0,Public,Public,200|300,161,TRUE,2801
egveitikkje,A2ZPSPA0R8KSL8,Public,Public,200|300,189,TRUE,3723
Chriswillman90,A49WTQG4MBT9Z,Public,Public,500|600,558,TRUE,5376
goblue926,A362CV8OOYJA6W,Private,Public,0|100,0,TRUE,12
SaraBila14,A3O0ZQMDKOKAMR,Public,Public,0|100,4,TRUE,32
dlomane,A1VBZWAHLWQMXM,Public,Public,100|200,138,TRUE,8006
sproutsmommy14,A35DZ5AAKNOKQ8,Public,Public,1000|999999,1106,TRUE,18642
IanMMundell,A88DXNDGDUWEN,Public,Public,0|100,78,TRUE,1764
ZephyrTTV,A6MWJK1YEY5L2,Public,Public,100|200,63,TRUE,266
Deathwalker26,A37V2BNHM204M7,Public,Public,0|100,15,TRUE,158
gregtake,A2OJ5XOEKTKRR9,Public,Public,0|100,49,TRUE,758
AwesomeCardGame,A27Y4NEIQQH00M,Public,Public,500|600,502,TRUE,2401
laurenamorND,A22ALWFDK913C4,Public,Public,100|200,120,TRUE,377
StevieRayK,A3PSY76FRTWBBI,Public,Public,0|100,13,TRUE,251
JoeyMonaco720,A1OE4SD0GXFOUP,Public,Public,1000|999999,1007,TRUE,7440
puttlikejimbo,AW1QY7Q83DYCJ,Public,Public,0|100,0,TRUE,1
Alli813,A1Y7IIQ9A8B508,Private,Public,0|100,0,TRUE,2
rekenner,A3TOI40R1LPLNE,Public,Public,0|100,63,TRUE,650
Lissy1223,A1z2zgpjrgg0g3,Public,Public,0|100,9,TRUE,12
toddstawicki,A13LQZLDE9BUEH,Public,Public,0|100,10,TRUE,133
SameDamnThings,A3IDPT97BOSXGO,Public,Public,100|200,89,TRUE,282
reillymgrant,A377OG15Q3U35C,Public,Public,100|200,137,TRUE,207
jessidon05,APXNY64HXO08K,Private,Public,0|100,17,TRUE,264
Crankcase74,A32OQIKGNOPDKC,Public,Public,0|100,8,TRUE,457
jasonkmoore88,A11A83GK7BV037,Public,Public,0|100,82,TRUE,480
stephaniek1116,A2STXZFG083AAB,Public,Public,100|200,114,TRUE,6600
kmf818,A25AQVQ1NAY36D,Public,Public,0|100,62,TRUE,19718
MichLich33,AWAW665TQQP2F,Public,Public,0|100,12,TRUE,1
amdowls,A1MZAW73X090DS,Private,Public,0|100,152,TRUE,1261
Unlucky13The,AGBW9W637YQ6C,Public,Public,0|100,35,TRUE,159
radwackage,A14ADQ7RUN6TDY,Public,Public,0|100,51,TRUE,119
hogendaz85,A2XMFTY9WB05U6,Public,Public,0|100,2,TRUE,2
itsturk73,AWE9A4ZOP9LNU,Public,Public,0|100,22,TRUE,93
DanPacholek,AHGDYNKOKJWFJ,Public,Public,0|100,2,TRUE,2
KDurianski,A3IDBFPW2T9P5D,Public,Public,0|100,35,TRUE,333
CamilleMyers92,A24DDWABLZUX1H,Public,Public,0|100,12,TRUE,7
xBurtMcGirtx,A2R9OK4M877ZCC,Public,Public,700|800,673,TRUE,22026
jwolfe73,A14SXXOGFMEFM6,Public,Public,300|400,318,TRUE,2036
dream_in_static,A26A4HEBGP2MOX,Public,Public,200|300,275,TRUE,385
neffynurse,A28HB6T2S3GKVD,Public,Public,0|100,2,TRUE,348
PlugZXC,A1HYMGPYXU97ZN,Public,Public,0|100,99,TRUE,2197
oOJenniLeighOo,A1KET5Z038NMWD,Public,Public,300|400,324,TRUE,5195
chunky149,A1PBFDQR599N3K,Public,Public,0|100,4,TRUE,53
ISitStillShutUp,A3GUSBF7LGFWFT,Public,Public,1000|999999,4751,TRUE,5649
hollyberrie05,A2QJ22AYO30HXR,Public,Public,1000|999999,1553,TRUE,11623
mzglover68,A3P7XSX4AH6VRP,Public,Public,0|100,36,TRUE,2475
lstrite,A110ICG2VQUGXS,Public,Public,0|100,5,TRUE,4
tharandomshark,A38G96U9JZU3CW,Public,Public,600|700,634,TRUE,328
Social_Dwarf,AL2K0EBC524TR,Private,Public,I do not wish to disclose this information.,0,TRUE,1
stdavis911,A2PRLCEP7GEQXI,Public,Public,0|100,0,TRUE,20
JayCzarnick,AYB7U8LZ87F0K,Public,Public,100|200,118,TRUE,1319
jh_burton,A3F51C49T9A34D,Public,Public,0|100,8,TRUE,33
ptanka,A0467121226LDESR9HWNF,Public,Public,0|100,76,TRUE,1186
itsgarsha,A5W6U5FSDF4QX,Public,Public,100|200,139,TRUE,341
azrtairne,A3KC385CZNYEG5,Public,Public,400|500,414,TRUE,103767
jenivi7,AJFVK3O1D7SPE,Public,Public,100|200,45,TRUE,822
SirCatBallsPhD,AGWEXUS5XLGMX,Private,Public,100|200,74,TRUE,665
flytronix225,AXJYGUTPJ6YC4,Public,Public,0|100,0,TRUE,10
graysam13,A39N38SJ4SPW94,Public,Public,200|300,102,TRUE,1176
crystalsethh,A1X9D35OHEP9FG,Public,Public,200|300,199,TRUE,1305
_haleymilano,A13OAZH7U7HFF4,Public,Public,200|300,323,TRUE,22925
owlstuff,A11EL5LWS2L1HX,Public,Public,0|100,2,TRUE,59
sevenelevenhell,APY2D74NQIQ7W,Public,Public,200|300,297,TRUE,21819
RonS_PT,A3IC7ZQ257WUNV,Public,Public,0|100,41,TRUE,6506
patriciar3,A1CUK9RG3RW1DY,Public,Public,1000|999999,1106,TRUE,2138
writergirlcarly,A3FEPWQ93EKNL0,Public,Public,0|100,44,TRUE,851
TrevorRodenbeck,A2BCXZKY9Y7BF6,Public,Public,0|100,49,TRUE,192
goblin_wars,AX29XXI8QOSC6,Public,Public,0|100,9,TRUE,335
SavedByGrace14,A1NDM9R54FJMPW,Public,Public,100|200,286,TRUE,2402
brodawg42069,A1S9N071I5RPE9,Public,Public,0|100,58,TRUE,467
Newlysane,A20OJFEDEPK5SU,Public,Public,1000|999999,3708,TRUE,45747
nowayitsbless,A2SKQU23TNJKTB,Public,Public,300|400,366,TRUE,16643
SellingDrama,A3QEBRCOTOBU6V,Public,Public,0|100,0,TRUE,2
gtrumbo,AMHSZPFIQZKCP,Public,Public,0|100,49,TRUE,793
JeritB,A3T021IZ1409ZH,Public,Public,0|100,29,TRUE,18
smashasaurus,A2JPUXT8WS5YVX,Public,Public,100|200,167,TRUE,5314
drewsalinas,A1XV3WQ8OY7VVW,Public,Public,400|500,325,TRUE,638
rari797,A1OBB3PWYWK9KK,Public,Public,0|100,19,TRUE,184
angelgirl22222,A1DF8MGECR4ZK8,Public,Public,0|100,14,TRUE,148
TexasRed,AFWJT2RB6Y4SZ,Public,Public,0|100,88,TRUE,593
NoNameToDie,AWJ4EHRKDZ53X,Private,Public,100|200,19,TRUE,13
forgetxclosure,A31D4OCLMV4K5K,Public,Public,200|300,292,TRUE,20449
NeoGenMike,A1I8KRIXSGZXX2,Public,Public,0|100,0,TRUE,19
unique4purpose,A2YKYAZYVWOXBO,Public,Public,0|100,25,TRUE,158
m_griesenauer,ADNAVIZ9SABYS,Public,Public,100|200,157,TRUE,1818
Chubosaurus,A12JZYXJMB6BG4,Public,Public,0|100,6,TRUE,15
YvesNoble,A16LTU114BWG76,Public,Public,1000|999999,7952,TRUE,757
Bloodbringer2,A1RWXE4FE0N6SS,Public,Public,0|100,14,TRUE,29
chrisirvin83,A2Z0K8BA0U0VI3,Private,Public,0|100,1,TRUE,7
theRealSchady,A1NM3VA211XXEN,Public,Public,0|100,9,TRUE,112
yellowheatso,ADR5NXD0FGONS,Public,Public,0|100,57,TRUE,1274
krazywithkurves,A36PJP7KXXI184,Public,Public,200|300,293,TRUE,2702
kss4tink,A34UFMGVNCFKVV,Public,Public,0|100,11,TRUE,240
tamaleconsalsa,A3M706WDRF9W4E,Public,Public,0|100,43,TRUE,975
aesilverman,A2N9Q1IHLP4LGI,Public,Public,0|100,25,TRUE,2090
toddmallen_tw,A3DBG3IETULYCN,Public,Public,0|100,5,TRUE,21
Noe_Lunar,A2O5D7QT0XKCEG,Public,Public,I do not wish to disclose this information.,2424,TRUE,6471
MissinginCalif,A29GNU19VJN3Q6,Public,Public,1000|999999,2369,TRUE,8919
kaurinchan,A1WJ1S1LXP47NH,Public,Public,0|100,67,TRUE,3308
KaitlynZuverink,A2RI0A23GBPJSD,Public,Public,0|100,36,TRUE,231
JacqualynHardin,A3I5AH4959TUYF,Public,Public,100|200,36,TRUE,3
Jay_Day_Gaming,A2S3SV1LQTKJ8K,Public,Public,300|400,379,TRUE,572
TonyStonyb31,A3CHEPE7BQHSY7,Public,Public,0|100,9,TRUE,39
christy_conlin,AL8XTNQ7MQH5F,Public,Public,0|100,69,TRUE,106
_ChadNat_,A19H44LQJ0TEXF,Public,Public,500|600,538,TRUE,4034
eugenefinley10,A53LV70R73Q73,Public,Public,100|200,27,TRUE,42
JazzmanStudios,AHN0AVRM65XB0,Public,Public,0|100,3,TRUE,3184
meilinry,A5X1KZ9CCHREK,Public,Public,0|100,52,TRUE,2300
Azuredragoon,AEDV0CBBPU0RE,Public,Public,0|100,4,TRUE,67
sammy012665,AZVI1B5Z5L56N,Public,Public,0|100,79,TRUE,1019
Livingwithstuff,A1CPVTZAK27YSF,Private,Public,0|100,62,TRUE,165
GaryRayHess,A1HJAT4A0FVIOZ,Public,Public,300|400,230,TRUE,692
40trina,A14AKM0M9VIDCG,Public,Public,1000|999999,2777,TRUE,5297
Janetwise11,A3QUWIT972BYUH,Public,Public,0|100,5,TRUE,104
lonelypoet18,A3I668PEONUFH0,Private,Public,0|100,21,TRUE,419
Noelle_Cooper,A3JG44GC9BIM58,Public,Public,0|100,28,TRUE,42
atachovaldez,A1PZIN8H1VI6SY,Private,Public,100|200,22,TRUE,17
rydershilo,A1B14CS9DW7008,Public,Public,0|100,79,TRUE,3492
a_r_woodard,A2GFLJDDJ33MI4,Public,Public,0|100,2,TRUE,2
vacross,ASWRCA8J5G771,Public,Public,200|300,244,TRUE,1902
paulbaldovin,A3IEFYBAJDK48K,Public,Public,1000|999999,3349,TRUE,40456
sophiavoravong,AJMWITY1XT7H7,Public,Public,300|400,393,TRUE,3220
MelanieS_Clarke,A2HC9549CZAKNN,Public,Public,500|600,544,TRUE,321
cool_dog_2,A8RDXT4ZILHQT,Public,Public,200|300,288,TRUE,1473
pettycanoodler,ATADQXPHL10Y8,Public,Public,300|400,227,TRUE,28982
Reviews05579876,A28JBDTFGFJ5NR,Public,Public,0|100,17,TRUE,9
masterx12345,A4T4577P6JL6R,Public,Public,0|100,47,TRUE,2915
randomdude98471,A272X64FOZFYLB,Public,Public,0|100,0,TRUE,1
azra00000,A2F0A4FIVT9M3O,Private,Public,0|100,3,TRUE,144
Elizabeth25,A2BRZKFG6WAVER,Public,Public,100|200,67,TRUE,3038
rogan12h,A203C9REA20IT3,Public,Public,0|100,62,TRUE,2671
beyondedm,A38DXFI1TZA295,Public,Public,1000|999999,1434,TRUE,5090
Invicious,A102VHF4S7WXQF,Public,Public,0|100,14,TRUE,128
KYhomemaker,ATOV0H5KQHI29,Public,Public,100|200,74,TRUE,5837
amber_gardner85,A1VFRCYMWGWWCZ,Public,Public,0|100,25,TRUE,7
Jakra64,AT7QJKGCPSO6J,Public,Public,0|100,11,TRUE,9
deosoculus,A3EHI7J2E5DSJK,Public,Public,0|100,66,TRUE,5592
TerrieW1,A1QJ2VPPZG16EG,Public,Public,0|100,4,TRUE,8
wtblanchard,A1DNJ17PE2RYJZ,Public,Public,100|200,165,TRUE,206
hp246,A2VX8B1CJXRN2,Public,Public,0|100,41,TRUE,306
scubasjl,A2FIMENJ9UMN7M,Public,Public,0|100,25,TRUE,373
southernbred__,A12WRJ2ZMDW3SU,Public,Public,200|300,212,TRUE,7047
Cheapgamer1,A2H5UA2MUBT4QX,Public,Public,0|100,0,TRUE,3
clubmarkgirard,A3862RIFFUV141,Public,Public,800|900,806,TRUE,14875
ryanmitchell5,A32U64W0S9PUA3,Public,Public,100|200,172,TRUE,10161
ElfishCascade,AQBMXL3D39ZC0,Public,Public,0|100,66,TRUE,9093
colecodez,A3VY42IIJXD3IC,Public,Public,100|200,74,TRUE,133
Messejajs,A2YFTTVAH9AFXU,Public,Public,1000|999999,1186,TRUE,7153
A102310239,AE87K978IXPYP,Public,Public,0|100,1,TRUE,1
southbuckneppy,A2E3UTEZNB9BN9,Public,Public,0|100,7,TRUE,34
pcahhr,A27GK6AHDNFW5Y,Public,Public,0|100,0,TRUE,23
sidybay,AA6K05EFNJ3T0,Public,Public,300|400,422,TRUE,1388
ReddudeBo,AO33H4GL9KZX9,Public,Public,0|100,0,TRUE,9
EmperorPainguin,AUHRS2GFPRADF,Public,Public,0|100,24,TRUE,467
Businessline910,A3B919K25SR35,Public,Public,200|300,301,TRUE,435
MPRSteve,AKX5RHHO8BIUX,Public,Public,0|100,46,TRUE,29
thawedoutpro,A1PIGZNLSQMGNW,Public,Public,800|900,835,TRUE,9380
WillametteFred,A3HSONMX6LNZR4,Public,Public,200|300,263,TRUE,14029
r0ssiter,A6N190372TE5T,Public,Public,0|100,10,TRUE,207
lindsey317536,ACRTRQ23XH20E,Public,Public,100|200,6,TRUE,129
oliviabortner,A4CPMNA135GK4,Public,Public,200|300,255,TRUE,1178
TalatTheSenocak,ACGZDI611LU0I,Public,Public,0|100,0,TRUE,6
eLLyPirman__12,A3J2JDTVK5TN5S,Public,Public,500|600,551,TRUE,6827
FerengiFinance,A23IRWAODQDAA7,Public,Public,0|100,33,TRUE,170
mvin113,A1S315FYTGY9GL,Public,Public,0|100,5,TRUE,15
lizsutton1009,A3BL2ZEODD79AZ,Public,Public,500|600,548,TRUE,277
azzric,A28F1ZWZ9H0RHA,Public,Public,1000|999999,2017,TRUE,27659
victoria4492,A2NYDCQ3Y6QS4Q,Public,Public,0|100,24,TRUE,93
RamblingCake,A3GAQNTZ1V1VO,Public,Public,100|200,183,TRUE,78
KaprakDota,AUFUUD4WG9CVO,Public,Public,0|100,13,TRUE,431
misseslovejoy,A17485GZMUEVZ9,Public,Public,0|100,0,TRUE,3
Suchka1974,A1KCC93NOV6TH2,Public,Public,0|100,1,TRUE,7
111joejoe,A3RS7UCO7CQ74R,Public,Public,0|100,1,TRUE,4
mrdysgo,A3774HPOUKYTX7,Public,Public,1000|999999,4723,TRUE,20148
byrstn,A1AZLJ3R5FQ9B7,Public,Public,0|100,39,TRUE,324
UFCory28,A3RFELKHWTBCB4,Public,Public,100|200,119,TRUE,2150
kuppusam,AQH9FEEROUJUO,Public,Public,0|100,26,TRUE,379
leetroit16,A1G7T6PC3KNH4M,Public,Public,100|200,110,TRUE,640
JEkum,A8YVGN8FQ3VH4,Public,Public,0|100,24,TRUE,223
freshdipsllc,A1M8GE34UYSUCB,Public,Public,0|100,5,TRUE,23
Richard30727186,A1CW0W7Q2NLDDJ,Public,Public,0|100,0,TRUE,1
RyanBoney1,AHEEMGVMGEMEQ,Public,Public,0|100,21,TRUE,22
vman12584,A3IU2E7QCWYEZI,Public,Public,0|100,1,TRUE,28
Antamania1,A2HSCKH5NKN5LP,Public,Public,100|200,130,TRUE,21
babuhanna,A222R4PNCF08OF,Public,Public,0|100,13,TRUE,121
ReidLuzzader ,A3V0DBGRRC1B67,Public,Public,0|100,44,TRUE,146
TrevinHunter,A1XJKGLSPFWRBT,Public,Public,I do not wish to disclose this information.,215,TRUE,1199
BillySpencerW7,A2WYCY1FMQOD5F,Public,Public,100|200,163,TRUE,14168
kraftygourmet,A1YKFB1EKM08EV,Private,Public,0|100,0,TRUE,278
gingerleigh1973,A2S96ZZ70YFPSK,Public,Public,0|100,5,TRUE,12
davdv12312,A2ETY1O927Z1IF,Public,Public,0|100,74,TRUE,752
arcadeforest,ANWY0TG55MWW9,Public,Public,100|200,153,TRUE,495
PoisonedJax,ACSZKZPBGYYKO,Public,Public,0|100,94,TRUE,13861
OCKoopa,A4YG74WC1EK5V,Public,Public,0|100,39,TRUE,2274
jankywitch,A1FD2PO9OQ2LY8,Public,Public,0|100,16,TRUE,160
connerysteph,A1BRPPNBN3LKU5,Public,Public,1000|999999,4512,TRUE,9659
alistastrology,A1U3TT3VMH9FU9,Public,Public,100|200,74,TRUE,703
JENNYOWENS34,A3CA7SCTM4H9IO,Public,Public,0|100,0,TRUE,265
K_Renee,AKN67C89B5QW5,Public,Public,200|300,262,TRUE,10235
BobbyFlayIsOkay,ACN0C9HPYDTED,Public,Public,0|100,29,TRUE,112
LupoFN,AXY0D2AMLKE2A,Public,Public,800|900,858,TRUE,98650
jag_fan,A2DKE3NCEA5W79,Public,Public,300|400,379,TRUE,1284
SloaneRanger_,A38N2MBXP7IOPS,Public,Public,700|800,720,TRUE,21357
chichi_powers,A3H5HW66S1BKID,Public,Public,1000|999999,11326,TRUE,30634
GingerSnapRowdy,A3JPYCC2U4D9CZ,Public,Public,1000|999999,1971,TRUE,133
bkingz32,A5OBJUPZLVOKG,Public,Public,0|100,7,TRUE,508
collinseden,A318574M8Q965P,Public,Public,0|100,5,TRUE,10
roxy_yvette,ADA69G66J3524,Public,Public,300|400,242,TRUE,2643
NCTRoss,A1T9XW8SNUDDY7,Public,Public,200|300,222,TRUE,7929
gingflower,A1RAMKQ7DTZSY9,Public,Public,100|200,20,TRUE,6
Vaurok,A1SOQ9Q35SASE4,Public,Public,0|100,3,TRUE,15
killabud,A17K1CHOI773VZ,Public,Public,0|100,15,TRUE,469
DeeBeedee4,A3HZIPKSCYU7ZI,Public,Public,0|100,17,TRUE,96
Sarcastic_hubby,A20MO1430Z8C18,Private,Public,300|400,356,TRUE,23135
coords1306,AOTIV8H84F69E,Public,Public,200|300,212,TRUE,1460
GJishere27,A1PNQWE4UAI1P2,Public,Public,0|100,21,TRUE,393
2121nick2121,A1IIDR9HLUB1MR,Public,Public,0|100,5,TRUE,188
Kdubsosolid,A5DC16SOZSECI,Public,Public,1000|999999,1717,TRUE,260896
lilycap,A27O2IILV3S5YS,Public,Public,1000|999999,1909,TRUE,58489
DBAnthony58,A2BA753YMXLDAP,Public,Public,0|100,1,TRUE,14
phredphnerd,AJZT40UH0HWQ3,Public,Public,0|100,7,TRUE,41
Negus_Nyte23,A1CSHXVJJ8BPHH,Public,Public,1000|999999,1597,TRUE,35992
mastershmee,A3CXK1KSRGU27V,Public,Public,0|100,0,TRUE,3
lindsaybedra,8298177,Private,Public,100|200,12,TRUE,28
Jokergt50,A17SHUZEBPYOO2,Public,Public,0|100,2,TRUE,14
annanemuss,A2WKEUKBXD5EMV,Public,Public,100|200,10,TRUE,74
WatchVlad,A1YZJTC04W0A01,Public,Public,0|100,81,TRUE,478
fathimmaaa,A1XBAS3AXLFB5F,Private,Public,100|200,163,TRUE,7667
wrjr74,A2KPT0PEUEXCC4,Public,Public,0|100,5,TRUE,274
humyn_first,AF6SPK6UEL3,Public,Public,100|200,128,TRUE,2382
75_iroc87,A2VLTSW6CXIUMR,Public,Public,0|100,77,TRUE,676
shawnsadstrum,A3APKUC67F9IMW,Private,Public,0|100,2,TRUE,3
markcatt43,A22QD6M0A2C77C,Public,Public,0|100,5,TRUE,22
MinnesotaHammer,AEF74ZYJTTEIA,Public,Public,0|100,17,TRUE,37
anthmorales83,A610SH5RY1NG1,Public,Public,0|100,20,TRUE,163
SW_Amateurs,A3VKJDDU7MMUVD,Public,Public,100|200,252,TRUE,600
SamanthaU22,AMTTB8JUWRRM7,Public,Public,0|100,9,TRUE,3
Jesicu_,ABMX8XUNPR3Lp,Public,Public,1000|999999,1420,TRUE,13609
blmpclrk,A2M3KQ9CKP7YW,Public,Public,0|100,19,TRUE,45
kristen1822,A1JO6AY55FG7QU,Public,Public,200|300,226,TRUE,679
NoviceMadman,A36KQFLIXQTAQ,Public,Public,0|100,1,TRUE,16
Jed_McDanie,A34BX72ZUITSW3,Public,Public,0|100,12,TRUE,44
getarhero,A25PFSORDO3SWQ,Public,Public,0|100,3,TRUE,37
albert,A1I5YNJ60UATA4,Public,Public,400|500,354,TRUE,53
DarkRyuu,A1WL3NZ50YEOWP,Public,Public,0|100,9,TRUE,3963
ladyrocerinx,AI57RR8OF4MR7,Public,Public,400|500,443,TRUE,17951
TESSIEILLEST,A3NYUZFBZTCUFK,Private,Public,0|100,59,TRUE,846
ReboundsMom,A1CE2XPYCDRHVZ,Public,Public,500|600,514,TRUE,3653
CodeAndLonely,A319HGTKM0UY0V,Public,Public,600|700,798,TRUE,1233
redgeishere,AZTHBV93S8U3T,Public,Public,200|300,273,TRUE,6873
soul4hymn,A18QU0YQB6Q8DF,Public,Public,0|100,6,TRUE,45
blacksheepPHD_,test234,Public,Public,0|100,5,TRUE,183
matt_matb321,A2VBSFSJXLZZ7A,Public,Public,0|100,10,TRUE,282
nickburian,A1KFUXSVGSHL5Z,Private,Public,0|100,26,TRUE,300
Xethalys,A2PMT4061B1NDP,Public,Public,0|100,25,TRUE,25
egloskerry,A2ORPKVJKI0EIO,Public,Public,0|100,0,TRUE,1
Timothy_hoss,A35NEL9WYU3VG8,Public,Public,0|100,14,TRUE,1740
francie41,A1NLW5ZS2WQR35,Public,Public,0|100,4,TRUE,1
robinkinsley,A1P6OXEJ86HQRM,Public,Public,0|100,11,TRUE,44
MlleMimi,A2NGMLBFZ3YQP5,Public,Public,0|100,28,TRUE,483
238943,A234SQAJKIG8VD,Public,Public,0|100,5,TRUE,3
sarinmt,A1SX8IVV82M0LW,Public,Public,I do not wish to disclose this information.,6,TRUE,40
shayitp,A3U6IA3JUSFZ2M,Public,Public,200|300,245,TRUE,9666
BbbbbJimmy,A2QWTQ4I70BRWO,Public,Public,0|100,3,TRUE,6
ceylove,A1WR3WTEHJEY2D,Public,Public,0|100,27,TRUE,73
limpbizquick8,A2YGAEODJ5SSF6,Public,Public,0|100,55,TRUE,257
BfloBizData,A13DD9WSQZ2D2M,Public,Public,800|900,903,TRUE,1985
superiorunknown,A3A6C8329VTSN7,Public,Public,0|100,3,TRUE,13
dylanwolf,A3M3DCE0R1ZWQS,Public,Public,400|500,522,TRUE,18262
FueledByLux,AJTNDRWYD3IFR,Public,Public,200|300,268,TRUE,1671
midknightmaille,A13T61GJTR2Y9B,Public,Public,700|800,812,TRUE,1731
queenmama247,AL5UXD1GLG4X0,Public,Public,200|300,309,TRUE,3431
castrologist,A1JNDBFZZBTEA0,Public,Public,200|300,108,TRUE,1428
smoothmann,AECQ7QG4CQP69,Public,Public,0|100,25,TRUE,97
joejane13,A332S5HG3XL6TE,Public,Public,0|100,37,TRUE,6071
jesus_gallimore,AHKRGPN5D3I2G,Public,Public,0|100,0,TRUE,27
Thaniriya,A16L296MDDV1ZX,Public,Public,0|100,2,TRUE,7
dazcat5872,A3HOBJ4PJUOCUN,Public,Public,400|500,467,TRUE,15341
is_yuck     ,A2Z0UFTYUDNE97,Public,Public,0|100,70,TRUE,1027
lisamaky,APY5858P6BTDY,Public,Public,I do not wish to disclose this information.,979,TRUE,9776
FireTitan09,AZCGSVDT79E6X,Public,Public,0|100,17,TRUE,187
Librarian1988,A2MWAXV1YRK5GH,Public,Public,0|100,14,TRUE,1314
powerdarnell,A1TJZFTCYX4ASU,Public,Public,0|100,84,TRUE,228
xGarbett,A1UGD2VEVSML1U,Public,Public,1000|999999,2613,TRUE,4717
JENITHAM,A2NK67A23XP83H,Private,Public,100|200,3,TRUE,1
records_nice,A1CX684F5TEO5W,Public,Public,0|100,14,TRUE,28
marcusdavvid,A3C0NQ2IP5FTZQ,Public,Public,400|500,353,TRUE,192
joyel,A147B5FTAKXVPS,Private,Public,0|100,8,TRUE,1
roblindman,A28SVE690PQ5P7,Public,Public,100|200,67,TRUE,40887
HarmsDalton,A1PYK3QS7O93XA,Public,Public,0|100,36,TRUE,17
groverthompson,A2CF2BD4Q0ZDJN,Public,Public,0|100,6,TRUE,317
oinkorea,AW2XWG1NUYMR5,Public,Public,1000|999999,1279,TRUE,9008
brandonn1768,A1H1754EC3SL2L,Public,Public,0|100,2,TRUE,37
tamara_toy,A1SGIACNC9DUV3,Public,Public,0|100,34,TRUE,496
GetnJigaeWithIt,A1ZTSCPETU3UJW,Public,Public,0|100,2,TRUE,13
EllenBroudy,A2JMPB5BLPWK1Q,Public,Public,100|200,107,TRUE,650
YoyoLameName,A1NIKHUA79SWGD,Public,Public,0|100,8,TRUE,1028
Randoplants ,ARDIIRIEIK16Z,Public,Public,0|100,17,TRUE,558
Theendgamelv3,A2539PUSDD137T,Public,Public,100|200,97,TRUE,7599
JessicaMehrtens,A1C3JZP9IXG52Q,Public,Public,0|100,5,TRUE,8
deepoacharya,A1Y6VW621TEYXN,Private,Public,100|200,91,TRUE,146
luigi65,A12I4JOVZ1HZW8,Private,Public,0|100,3,TRUE,3
Cora996b,A3BJ0H1UZ7YQL0,Public,Public,0|100,4,TRUE,280
MinisinkGen,A1AZTE5W2MF1TU,Public,Public,0|100,94,TRUE,489
StickyLore,A25K2YA4BZW2K7,Public,Public,100|200,143,TRUE,947
tincankitty,A2M4QB5T835AW1,Public,Public,100|200,162,TRUE,732
nebulaplasma,A1MM8TSLCHVMNK,Public,Public,0|100,32,TRUE,51
estgomdna,A36K4ELT4YH00L,Public,Public,100|200,148,TRUE,1034
lornadobson,A28KV1QXL1AV4X,Public,Public,0|100,0,TRUE,35
lovebunnyok,A1941R1INABJ86,Public,Public,0|100,12,TRUE,75
bagelbakerjay,A1WCAVFOV1Y54N,Public,Public,0|100,5,TRUE,38
ItalianGuy_440,A20HZD952T4B2O,Public,Public,0|100,0,TRUE,4
katpappas2,A2TCZ9IUCUN3KC,Public,Public,0|100,30,TRUE,112
Mass_to_IL,A18WPTVQPM9LBH,Public,Public,0|100,4,TRUE,191
ZekeJim8,A1KOHXO0BIQB8T,Public,Public,0|100,10,TRUE,33
MccolmJulie,A12NNJKHIZP1TY,Public,Public,500|600,647,TRUE,79
cjambrosia,A341XKSRZ58FJK,Public,Public,0|100,2,TRUE,3
banda_pear_,A2XMYHTHDZEM4U,Public,Public,200|300,279,TRUE,13332
the_wordnerd,A3GQ6KDIZWCMW6,Public,Public,100|200,127,TRUE,677
jrpxo8,A29LUD4L39VAQ3,Public,Public,600|700,631,TRUE,16219
ARP117,A1R37XA9QPSIAN,Public,Public,100|200,26,TRUE,211
REparsed,A194E79BDFEZIU,Public,Public,0|100,11,TRUE,217
daedrica,AIKWZBRRTEW6Z,Public,Public,0|100,1,TRUE,94
barribronston,A3TW179Z0GG8JG,Public,Public,1000|999999,1070,TRUE,10576
rhondaf7816,A39C210BKD7YNN,Public,Public,1000|999999,3210,TRUE,3297
patebishop,AECBS7PZMFA8H,Public,Public,300|400,320,TRUE,219
kerstie_munoz,ADFAALOBP5BIJ,Public,Public,0|100,8,TRUE,18
baebae__sanders,A18ILYDB04VEE9,Public,Public,1000|999999,4406,TRUE,36212
bombygriz,A3ID5G33X4OHFR,Public,Public,0|100,76,TRUE,460
chicityop,A2MU2U2QYKHLOG,Public,Public,100|200,160,TRUE,3692
ProgScape,A2JHF7CU91EVXW,Public,Public,1000|999999,2398,TRUE,30354
lindystar81,A3B2RWV5LWCE8U,Public,Public,0|100,19,TRUE,143
nisasin,AIZ2WT5GUCS0E,Public,Public,100|200,124,TRUE,966
amandaboulineau,AX72PZ2TQ1J3I,Public,Public,800|900,964,TRUE,2855
ashley200688,A1VDJ5IGNKQBLU,Public,Public,0|100,31,TRUE,584
jonathanschimpf,A3E1403CWJPCIU,Public,Public,I do not wish to disclose this information.,498,TRUE,7982
ToddTheChemist,A3CMWYLWMENHLZ,Public,Public,0|100,34,TRUE,876
mrsdreajulian71,A32QYANWMXW8EL,Public,Public,700|800,767,TRUE,2601
nikigibson18,A2VNK2H6USLQTK,Private,Public,0|100,1,TRUE,7
MarkColorad0,A3EYWJCIO1MG9W,Public,Public,100|200,181,TRUE,1724
NaomiKovar,A27VBVMMEX9GJB,Public,Public,700|800,715,TRUE,3202
vonMeow,A39KKGT1ME3A7M,Public,Public,300|400,387,TRUE,5260
daniel_relihan,abc123,Public,Public,0|100,59,TRUE,144